Jessica Susan,jessica.susan@placeholder.co,+1-819-118-4015
Mary Karen,mary.karen@test.net,+1-144-890-6254
William William,william.william@test.net,+1-399-558-5435
Karen Michael,karen.michael@sample.edu,+1-286-636-5091
James Barbara,james.barbara@demo.org,+1-964-107-3333
Mary Robert,mary.robert@demo.org,+1-703-209-6431
Richard Mary,richard.mary@placeholder.co,+1-717-682-6275
Karen Michael,karen.michael@demo.org,+1-469-808-3017
Michael Barbara,michael.barbara@demo.org,+1-873-457-1593
Karen David,karen.david@placeholder.co,+1-383-145-3458
Susan David,susan.david@example.com,+1-851-530-9544
David Mary,david.mary@demo.org,+1-545-526-8688
Mary Linda,mary.linda@sample.edu,+1-421-190-5311
Karen Mary,karen.mary@demo.org,+1-933-593-5095
Robert Mary,robert.mary@example.com,+1-989-479-7582
Susan Richard,susan.richard@test.net,+1-159-468-7314
Linda Elizabeth,linda.elizabeth@sample.edu,+1-944-799-8453
Thomas Karen,thomas.karen@placeholder.co,+1-484-935-8641
Thomas William,thomas.william@example.com,+1-305-839-1199
Michael Sarah,michael.sarah@placeholder.co,+1-718-552-7322
John James,john.james@test.net,+1-656-158-8415
Jennifer Jennifer,jennifer.jennifer@placeholder.co,+1-421-376-7715
Jennifer Linda,jennifer.linda@test.net,+1-292-391-1405
Joseph Linda,joseph.linda@sample.edu,+1-785-429-2531
Karen William,karen.william@demo.org,+1-936-120-8751
Elizabeth Elizabeth,elizabeth.elizabeth@sample.edu,+1-346-288-7774
Linda Sarah,linda.sarah@sample.edu,+1-704-112-6126
David David,david.david@example.com,+1-446-157-6254
Patricia Patricia,patricia.patricia@test.net,+1-549-803-6360
Jessica Linda,jessica.linda@demo.org,+1-176-766-5599
Mary Linda,mary.linda@sample.edu,+1-860-838-3049
Barbara Michael,barbara.michael@placeholder.co,+1-598-129-7741
Robert Jennifer,robert.jennifer@placeholder.co,+1-836-336-5397
Michael Jessica,michael.jessica@example.com,+1-877-985-7168
Mary Jennifer,mary.jennifer@sample.edu,+1-885-904-7399
John Charles,john.charles@placeholder.co,+1-658-407-4880
Joseph Richard,joseph.richard@example.com,+1-743-521-4975
Mary Robert,mary.robert@example.com,+1-580-926-1079
Linda Elizabeth,linda.elizabeth@sample.edu,+1-939-795-6759
William John,william.john@placeholder.co,+1-714-230-8318
Robert Susan,robert.susan@demo.org,+1-740-444-3946
Richard Elizabeth,richard.elizabeth@demo.org,+1-152-656-9421
Sarah Susan,sarah.susan@placeholder.co,+1-123-290-3543
Michael David,michael.david@demo.org,+1-816-192-2169
Jennifer Robert,jennifer.robert@example.com,+1-164-797-4846
John Linda,john.linda@test.net,+1-187-252-5313
Karen Linda,karen.linda@test.net,+1-998-124-3554
Robert Patricia,robert.patricia@placeholder.co,+1-148-557-3723
Linda James,linda.james@demo.org,+1-371-552-2461
Linda Richard,linda.richard@demo.org,+1-948-101-9231
Patricia Richard,patricia.richard@test.net,+1-723-522-6649
Jennifer Karen,jennifer.karen@placeholder.co,+1-872-402-1006
Jessica Jessica,jessica.jessica@test.net,+1-580-458-4805
Charles David,charles.david@demo.org,+1-156-445-4717
Mary Karen,mary.karen@example.com,+1-693-843-2002
Susan James,susan.james@test.net,+1-110-311-1623
Thomas David,thomas.david@example.com,+1-695-267-3652
William John,william.john@test.net,+1-543-531-1836
James John,james.john@demo.org,+1-741-768-3337
Karen John,karen.john@test.net,+1-354-524-5281
James William,james.william@placeholder.co,+1-941-555-3875
Sarah Richard,sarah.richard@sample.edu,+1-687-378-8893
Elizabeth Robert,elizabeth.robert@demo.org,+1-459-372-8319
Barbara Patricia,barbara.patricia@sample.edu,+1-719-104-9983
Karen Richard,karen.richard@example.com,+1-339-570-8584
Thomas Jennifer,thomas.jennifer@example.com,+1-766-191-7926
David Thomas,david.thomas@demo.org,+1-323-345-6661
Thomas Robert,thomas.robert@test.net,+1-731-786-2269
Thomas Richard,thomas.richard@test.net,+1-233-125-9134
Richard Linda,richard.linda@sample.edu,+1-715-729-3410
Susan Jennifer,susan.jennifer@demo.org,+1-328-953-7914
Michael William,michael.william@sample.edu,+1-578-119-7233
William David,william.david@demo.org,+1-571-918-2914
Thomas Sarah,thomas.sarah@test.net,+1-366-958-8183
Richard Susan,richard.susan@sample.edu,+1-464-675-3407
Jennifer Linda,jennifer.linda@example.com,+1-394-601-6437
Sarah Mary,sarah.mary@test.net,+1-106-669-2766
Karen Barbara,karen.barbara@demo.org,+1-807-104-9583
Thomas James,thomas.james@placeholder.co,+1-689-912-8387
Susan Barbara,susan.barbara@test.net,+1-283-451-1926
James Michael,james.michael@sample.edu,+1-722-556-7572
Barbara Charles,barbara.charles@demo.org,+1-359-105-9200
Sarah Joseph,sarah.joseph@demo.org,+1-729-967-9299
Sarah Barbara,sarah.barbara@sample.edu,+1-605-572-5879
John Richard,john.richard@placeholder.co,+1-493-442-8912
Thomas Charles,thomas.charles@example.com,+1-208-214-4548
William Mary,william.mary@demo.org,+1-295-903-1964
Susan Karen,susan.karen@test.net,+1-597-798-5405
Jennifer David,jennifer.david@demo.org,+1-679-773-7965
Jennifer Susan,jennifer.susan@placeholder.co,+1-407-403-3888
Richard Mary,richard.mary@sample.edu,+1-403-473-9351
Barbara John,barbara.john@example.com,+1-691-545-9755
James John,james.john@sample.edu,+1-326-557-4181
Sarah Susan,sarah.susan@example.com,+1-529-819-1332
Charles Robert,charles.robert@test.net,+1-789-271-6489
Sarah James,sarah.james@placeholder.co,+1-293-116-3463
Richard Susan,richard.susan@sample.edu,+1-130-569-5955
Michael Linda,michael.linda@example.com,+1-889-340-5060
Michael Susan,michael.susan@demo.org,+1-623-387-7526
Charles Karen,charles.karen@test.net,+1-155-402-1053
